2020-04-15T00:30:00Z,6845.245628,6837.001205
2020-04-15T01:00:00Z,6837.001205,6845.362737
2020-04-15T01:30:00Z,6845.362737,6864.537522
2020-04-15T02:00:00Z,6864.537522,6883.50495
2020-04-15T02:30:00Z,6883.50495,6894.164781
2020-04-15T03:00:00Z,6894.164781,6891.442927
2020-04-15T03:30:00Z,6891.442927,6895.649937
2020-04-15T04:00:00Z,6895.649937,6913.365427
2020-04-15T04:30:00Z,6913.365427,6906.881913
2020-04-15T05:00:00Z,6906.881913,6892.347084
2020-04-15T05:30:00Z,6892.347084,6892.279078
2020-04-15T06:00:00Z,6892.279078,6908.864971
2020-04-15T06:30:00Z,6908.864971,6894.583594
2020-04-15T07:00:00Z,6894.583594,6880.507277
2020-04-15T07:30:00Z,6880.507277,6873.490405
2020-04-15T08:00:00Z,6873.490405,6869.433996
2020-04-15T08:30:00Z,6869.433996,6856.166308
2020-04-15T09:00:00Z,6856.166308,6842.382741
2020-04-15T09:30:00Z,6842.382741,6842.358434
2020-04-15T10:00:00Z,6842.358434,6853.206496
2020-04-15T10:30:00Z,6853.206496,6816.934064
2020-04-15T11:00:00Z,6816.934064,6778.176093
2020-04-15T11:30:00Z,6778.176093,6785.10425
2020-04-15T12:00:00Z,6785.10425,6750.476773
2020-04-15T12:30:00Z,6750.476773,6718.723834
2020-04-15T13:00:00Z,6718.723834,6722.029507
2020-04-15T13:30:00Z,6722.029507,6732.771628
2020-04-15T14:00:00Z,6732.771628,6732.014377
2020-04-15T14:30:00Z,6732.014377,6739.683611
2020-04-15T15:00:00Z,6739.683611,6724.244367
2020-04-15T15:30:00Z,6724.244367,6713.235102
2020-04-15T16:00:00Z,6713.235102,6712.770063
2020-04-15T16:30:00Z,6712.770063,6733.090383
2020-04-15T17:00:00Z,6733.090383,6737.586064
2020-04-15T17:30:00Z,6737.586064,6749.871657
2020-04-15T18:00:00Z,6749.871657,6761.001333
2020-04-15T18:30:00Z,6761.001333,6757.523898
2020-04-15T19:00:00Z,6757.523898,6741.623295
2020-04-15T19:30:00Z,6741.623295,6737.28647
2020-04-15T20:00:00Z,6737.28647,6737.115629
2020-04-15T20:30:00Z,6737.115629,6746.240497
2020-04-15T21:00:00Z,6746.240497,6743.036356
2020-04-15T21:30:00Z,6743.036356,6731.352194
2020-04-15T22:00:00Z,6731.352194,6711.187817
2020-04-15T22:30:00Z,6711.187817,6704.29957
2020-04-15T23:00:00Z,6704.29957,6659.644791
2020-04-15T23:30:00Z,6659.644791,6623.501509
2020-04-16T00:00:00Z,6623.501509,6556.398923
2020-04-16T00:30:00Z,6556.398923,6544.418227
2020-04-16T01:00:00Z,6544.418227,6576.009375
2020-04-16T01:30:00Z,6576.009375,6620.953323
2020-04-16T02:00:00Z,6620.953323,6626.382399
2020-04-16T02:30:00Z,6626.382399,6634.173223
2020-04-16T03:00:00Z,6634.173223,6627.148137
2020-04-16T03:30:00Z,6627.148137,6639.13536
2020-04-16T04:00:00Z,6639.13536,6650.455679
2020-04-16T04:30:00Z,6650.455679,6634.878599
2020-04-16T05:00:00Z,6634.878599,6636.903565
2020-04-16T05:30:00Z,6636.903565,6637.964142
2020-04-16T06:00:00Z,6637.964142,6657.251513
2020-04-16T06:30:00Z,6657.251513,6680.465532
2020-04-16T07:00:00Z,6680.465532,6816.854441
2020-04-16T07:30:00Z,6816.854441,6907.161334
2020-04-16T08:00:00Z,6907.161334,6919.083799
2020-04-16T08:30:00Z,6919.083799,7018.535381
2020-04-16T09:00:00Z,7018.535381,7064.255357
2020-04-16T09:30:00Z,7064.255357,7043.171899
2020-04-16T10:00:00Z,7043.171899,7043.678902
2020-04-16T10:30:00Z,7043.678902,6995.612541
2020-04-16T11:00:00Z,6995.612541,6985.228213
2020-04-16T11:30:00Z,6985.228213,7015.460748
2020-04-16T12:00:00Z,7015.460748,7003.802573
2020-04-16T12:30:00Z,7003.802573,7032.350166
2020-04-16T13:00:00Z,7032.350166,7049.992634
2020-04-16T13:30:00Z,7049.992634,7011.651624
2020-04-16T14:00:00Z,7011.651624,6998.31466
2020-04-16T14:30:00Z,6998.31466,7012.542852
2020-04-16T15:00:00Z,7012.542852,7028.729467
2020-04-16T15:30:00Z,7028.729467,7035.847836
2020-04-16T16:00:00Z,7035.847836,7018.021891
2020-04-16T16:30:00Z,7018.021891,6989.743855
2020-04-16T17:00:00Z,6989.743855,7002.84575
2020-04-16T17:30:00Z,7002.84575,7007.541608
2020-04-16T18:00:00Z,7007.541608,7005.906575
2020-04-16T18:30:00Z,7005.906575,7013.275346
2020-04-16T19:00:00Z,7013.275346,7010.506768
2020-04-16T19:30:00Z,7010.506768,7045.529042
2020-04-16T20:00:00Z,7045.529042,7031.960013
2020-04-16T20:30:00Z,7031.960013,7029.33413
2020-04-16T21:00:00Z,7029.33413,7042.166262
2020-04-16T21:30:00Z,7042.166262,7054.600588
2020-04-16T22:00:00Z,7054.600588,7083.508231
2020-04-16T22:30:00Z,7083.508231,7114.6535
2020-04-16T23:00:00Z,7114.6535,7156.374971
2020-04-16T23:30:00Z,7156.374971,7115.915167
2020-04-17T00:00:00Z,7115.915167,7079.91679
2020-04-17T00:30:00Z,7079.91679,7071.701632
2020-04-17T01:00:00Z,7071.701632,7090.691755
2020-04-17T01:30:00Z,7090.691755,7109.990999
2020-04-17T02:00:00Z,7109.990999,7093.550551
2020-04-17T02:30:00Z,7093.550551,7080.909255
2020-04-17T03:00:00Z,7080.909255,7062.095711
2020-04-17T03:30:00Z,7062.095711,7075.427968
2020-04-17T04:00:00Z,7075.427968,7064.945303
2020-04-17T04:30:00Z,7064.945303,7041.99525
2020-04-17T05:00:00Z,7041.99525,7048.104396
2020-04-17T05:30:00Z,7048.104396,7068.464768
2020-04-17T06:00:00Z,7068.464768,7046.622895
2020-04-17T06:30:00Z,7046.622895,7044.667946
2020-04-17T07:00:00Z,7044.667946,7054.574864
2020-04-17T07:30:00Z,7054.574864,7053.108473
2020-04-17T08:00:00Z,7053.108473,7051.178825
2020-04-17T08:30:00Z,7051.178825,7056.868544
2020-04-17T09:00:00Z,7056.868544,7072.116516
2020-04-17T09:30:00Z,7072.116516,7095.406571
2020-04-17T10:00:00Z,7095.406571,7098.430935
2020-04-17T10:30:00Z,7098.430935,7099.049947
2020-04-17T11:00:00Z,7099.049947,7091.891522
2020-04-17T11:30:00Z,7091.891522,7071.148941
2020-04-17T12:00:00Z,7071.148941,7082.35299
2020-04-17T12:30:00Z,7082.35299,7083.238433
2020-04-17T13:00:00Z,7083.238433,7065.401412
2020-04-17T13:30:00Z,7065.401412,7042.752417
2020-04-17T14:00:00Z,7042.752417,7051.721588
2020-04-17T14:30:00Z,7051.721588,7029.148889
2020-04-17T15:00:00Z,7029.148889,7034.275297
2020-04-17T15:30:00Z,7034.275297,7037.078873
2020-04-17T16:00:00Z,7037.078873,7042.016888
2020-04-17T16:30:00Z,7042.016888,7047.092836
2020-04-17T17:00:00Z,7047.092836,7051.028888
2020-04-17T17:30:00Z,7051.028888,7040.388486
2020-04-17T18:00:00Z,7040.388486,7036.175937
2020-04-17T18:30:00Z,7036.175937,7033.484096
2020-04-17T19:00:00Z,7033.484096,7045.864531
2020-04-17T19:30:00Z,7045.864531,7066.750727
2020-04-17T20:00:00Z,7066.750727,7073.931344
2020-04-17T20:30:00Z,7073.931344,7060.125998
2020-04-17T21:00:00Z,7060.125998,7063.285746
2020-04-17T21:30:00Z,7063.285746,7058.712475
2020-04-17T22:00:00Z,7058.712475,7055.593039
2020-04-17T22:30:00Z,7055.593039,7056.109176
2020-04-17T23:00:00Z,7056.109176,7097.11669
2020-04-17T23:30:00Z,7097.11669,7082.41751
2020-04-18T00:00:00Z,7082.41751,7038.259173
2020-04-18T00:30:00Z,7038.259173,7058.609231
2020-04-18T01:00:00Z,7058.609231,7072.118985
2020-04-18T01:30:00Z,7072.118985,7073.226174
2020-04-18T02:00:00Z,7073.226174,7090.603202
2020-04-18T02:30:00Z,7090.603202,7093.018409
2020-04-18T03:00:00Z,7093.018409,7089.824708
2020-04-18T03:30:00Z,7089.824708,7090.356204
2020-04-18T04:00:00Z,7090.356204,7092.166226
2020-04-18T04:30:00Z,7092.166226,7086.387269
2020-04-18T05:00:00Z,7086.387269,7096.704986
2020-04-18T05:30:00Z,7096.704986,7103.197519
2020-04-18T06:00:00Z,7103.197519,7097.500877
2020-04-18T06:30:00Z,7097.500877,7089.612251
2020-04-18T07:00:00Z,7089.612251,7085.7205
2020-04-18T07:30:00Z,7085.7205,7090.207962
2020-04-18T08:00:00Z,7090.207962,7096.347956
2020-04-18T08:30:00Z,7096.347956,7093.092843
2020-04-18T09:00:00Z,7093.092843,7092.436571
2020-04-18T09:30:00Z,7092.436571,7093.352912
2020-04-18T10:00:00Z,7093.352912,7076.471209
2020-04-18T10:30:00Z,7076.471209,7070.0095
2020-04-18T11:00:00Z,7070.0095,7070.833317
2020-04-18T11:30:00Z,7070.833317,7086.604857
2020-04-18T12:00:00Z,7086.604857,7102.923722
2020-04-18T12:30:00Z,7102.923722,7115.838198
2020-04-18T13:00:00Z,7115.838198,7154.601573
2020-04-18T13:30:00Z,7154.601573,7206.439219
2020-04-18T14:00:00Z,7206.439219,7234.027446
2020-04-18T14:30:00Z,7234.027446,7228.466387
2020-04-18T15:00:00Z,7228.466387,7225.288092
2020-04-18T15:30:00Z,7225.288092,7235.679027
2020-04-18T16:00:00Z,7235.679027,7219.453005
2020-04-18T16:30:00Z,7219.453005,7187.177623
2020-04-18T17:00:00Z,7187.177623,7193.457881
2020-04-18T17:30:00Z,7193.457881,7199.697321
2020-04-18T18:00:00Z,7199.697321,7184.806048
2020-04-18T18:30:00Z,7184.806048,7192.283751
2020-04-18T19:00:00Z,7192.283751,7203.298108
2020-04-18T19:30:00Z,7203.298108,7215.580183
2020-04-18T20:00:00Z,7215.580183,7216.755742
2020-04-18T20:30:00Z,7216.755742,7221.963343
2020-04-18T21:00:00Z,7221.963343,7224.303879
2020-04-18T21:30:00Z,7224.303879,7218.504918
2020-04-18T22:00:00Z,7218.504918,7221.665789
2020-04-18T22:30:00Z,7221.665789,7250.104218
2020-04-18T23:00:00Z,7250.104218,7259.315199
2020-04-18T23:30:00Z,7259.315199,7251.476667
2020-04-19T00:00:00Z,7251.476667,7225.636387
2020-04-19T00:30:00Z,7225.636387,7216.781643
2020-04-19T01:00:00Z,7216.781643,7214.0795
2020-04-19T01:30:00Z,7214.0795,7214.623244
2020-04-19T02:00:00Z,7214.623244,7221.56932
2020-04-19T02:30:00Z,7221.56932,7229.992587
2020-04-19T03:00:00Z,7229.992587,7229.693753
2020-04-19T03:30:00Z,7229.693753,7228.893105
2020-04-19T04:00:00Z,7228.893105,7230.984813
2020-04-19T04:30:00Z,7230.984813,7228.096129
2020-04-19T05:00:00Z,7228.096129,7214.181033
2020-04-19T05:30:00Z,7214.181033,7168.278616
2020-04-19T06:00:00Z,7168.278616,7139.75133
2020-04-19T06:30:00Z,7139.75133,7154.578502
2020-04-19T07:00:00Z,7154.578502,7155.015251
2020-04-19T07:30:00Z,7155.015251,7144.603665
2020-04-19T08:00:00Z,7144.603665,7142.789178
2020-04-19T08:30:00Z,7142.789178,7146.872712
2020-04-19T09:00:00Z,7146.872712,7142.948993
2020-04-19T09:30:00Z,7142.948993,7160.57325
2020-04-19T10:00:00Z,7160.57325,7170.161209
2020-04-19T10:30:00Z,7170.161209,7164.927539
2020-04-19T11:00:00Z,7164.927539,7153.015411
2020-04-19T11:30:00Z,7153.015411,7148.493339
2020-04-19T12:00:00Z,7148.493339,7157.861985
2020-04-19T12:30:00Z,7157.861985,7157.646718
2020-04-19T13:00:00Z,7157.646718,7150.79572
2020-04-19T13:30:00Z,7150.79572,7117.135044
2020-04-19T14:00:00Z,7117.135044,7085.55983
2020-04-19T14:30:00Z,7085.55983,7099.749697
2020-04-19T15:00:00Z,7099.749697,7107.677874
2020-04-19T15:30:00Z,7107.677874,7098.579418
2020-04-19T16:00:00Z,7098.579418,7108.430329
2020-04-19T16:30:00Z,7108.430329,7122.33128
2020-04-19T17:00:00Z,7122.33128,7139.55042
2020-04-19T17:30:00Z,7139.55042,7156.126911
2020-04-19T18:00:00Z,7156.126911,7151.436155
2020-04-19T18:30:00Z,7151.436155,7148.838016
2020-04-19T19:00:00Z,7148.838016,7139.11061
2020-04-19T19:30:00Z,7139.11061,7129.515381
2020-04-19T20:00:00Z,7129.515381,7128.450777
2020-04-19T20:30:00Z,7128.450777,7134.556531
2020-04-19T21:00:00Z,7134.556531,7148.285886
2020-04-19T21:30:00Z,7148.285886,7171.910189
2020-04-19T22:00:00Z,7171.910189,7176.557936
2020-04-19T22:30:00Z,7176.557936,7177.119356
2020-04-19T23:00:00Z,7177.119356,7171.528279
2020-04-19T23:30:00Z,7171.528279,7139.986389
2020-04-20T00:00:00Z,7139.986389,7124.20954
2020-04-20T00:30:00Z,7124.20954,7151.417488
2020-04-20T01:00:00Z,7151.417488,7149.424177
2020-04-20T01:30:00Z,7149.424177,7146.311852
2020-04-20T02:00:00Z,7146.311852,7154.002226
2020-04-20T02:30:00Z,7154.002226,7165.115733
2020-04-20T03:00:00Z,7165.115733,7169.687635
2020-04-20T03:30:00Z,7169.687635,7166.090607
2020-04-20T04:00:00Z,7166.090607,7191.271809
2020-04-20T04:30:00Z,7191.271809,7187.321268
2020-04-20T05:00:00Z,7187.321268,7170.408898
2020-04-20T05:30:00Z,7170.408898,7175.115955
2020-04-20T06:00:00Z,7175.115955,7171.283777
2020-04-20T06:30:00Z,7171.283777,7168.681073
2020-04-20T07:00:00Z,7168.681073,7174.345544
2020-04-20T07:30:00Z,7174.345544,7182.36798
2020-04-20T08:00:00Z,7182.36798,7167.55795
2020-04-20T08:30:00Z,7167.55795,7149.944347
2020-04-20T09:00:00Z,7149.944347,7142.543287
2020-04-20T09:30:00Z,7142.543287,7138.327425
2020-04-20T10:00:00Z,7138.327425,7127.98486
2020-04-20T10:30:00Z,7127.98486,7085.964711
2020-04-20T11:00:00Z,7085.964711,7069.130121
2020-04-20T11:30:00Z,7069.130121,7012.299316
2020-04-20T12:00:00Z,7012.299316,6961.519132
2020-04-20T12:30:00Z,6961.519132,7012.932774
2020-04-20T13:00:00Z,7012.932774,7030.618254
2020-04-20T13:30:00Z,7030.618254,7028.839353
2020-04-20T14:00:00Z,7028.839353,7029.524249
2020-04-20T14:30:00Z,7029.524249,7053.747668
2020-04-20T15:00:00Z,7053.747668,7073.215679
2020-04-20T15:30:00Z,7073.215679,7074.199682
2020-04-20T16:00:00Z,7074.199682,7054.579726
2020-04-20T16:30:00Z,7054.579726,7043.009626
2020-04-20T17:00:00Z,7043.009626,7023.167496
2020-04-20T17:30:00Z,7023.167496,6937.992331
2020-04-20T18:00:00Z,6937.992331,6883.550281
2020-04-20T18:30:00Z,6883.550281,6880.71401
2020-04-20T19:00:00Z,6880.71401,6846.109965
2020-04-20T19:30:00Z,6846.109965,6805.286871
2020-04-20T20:00:00Z,6805.286871,6803.007512
2020-04-20T20:30:00Z,6803.007512,6845.226548
2020-04-20T21:00:00Z,6845.226548,6860.61562
2020-04-20T21:30:00Z,6860.61562,6851.100334
2020-04-20T22:00:00Z,6851.100334,6860.631626
2020-04-20T22:30:00Z,6860.631626,6874.176637
2020-04-20T23:00:00Z,6874.176637,6854.849143
2020-04-20T23:30:00Z,6854.849143,6842.547119
2020-04-21T00:00:00Z,6842.547119,6851.937804
2020-04-21T00:30:00Z,6851.937804,6885.572359
2020-04-21T01:00:00Z,6885.572359,6892.278998
2020-04-21T01:30:00Z,6892.278998,6883.946962
2020-04-21T02:00:00Z,6883.946962,6866.515143
2020-04-21T02:30:00Z,6866.515143,6850.285428
2020-04-21T03:00:00Z,6850.285428,6855.884423
2020-04-21T03:30:00Z,6855.884423,6859.605474
2020-04-21T04:00:00Z,6859.605474,6845.93857
2020-04-21T04:30:00Z,6845.93857,6839.144607
2020-04-21T05:00:00Z,6839.144607,6867.271778
2020-04-21T05:30:00Z,6867.271778,6883.308029
2020-04-21T06:00:00Z,6883.308029,6883.284607
2020-04-21T06:30:00Z,6883.284607,6882.343221
2020-04-21T07:00:00Z,6882.343221,6876.442146
2020-04-21T07:30:00Z,6876.442146,6873.922446
2020-04-21T08:00:00Z,6873.922446,6873.096591
2020-04-21T08:30:00Z,6873.096591,6861.416761
2020-04-21T09:00:00Z,6861.416761,6842.689236
2020-04-21T09:30:00Z,6842.689236,6817.752633
2020-04-21T10:00:00Z,6817.752633,6826.744089
2020-04-21T10:30:00Z,6826.744089,6815.90932
2020-04-21T11:00:00Z,6815.90932,6802.531464
2020-04-21T11:30:00Z,6802.531464,6804.812883
2020-04-21T12:00:00Z,6804.812883,6809.688534
2020-04-21T12:30:00Z,6809.688534,6816.596725
2020-04-21T13:00:00Z,6816.596725,6811.150031
2020-04-21T13:30:00Z,6811.150031,6816.793209
2020-04-21T14:00:00Z,6816.793209,6834.144245
2020-04-21T14:30:00Z,6834.144245,6836.904128
2020-04-21T15:00:00Z,6836.904128,6824.608328
2020-04-21T15:30:00Z,6824.608328,6829.385923
2020-04-21T16:00:00Z,6829.385923,6835.308278
2020-04-21T16:30:00Z,6835.308278,6844.569712
2020-04-21T17:00:00Z,6844.569712,6851.624336
2020-04-21T17:30:00Z,6851.624336,6871.805134
2020-04-21T18:00:00Z,6871.805134,6893.074843
2020-04-21T18:30:00Z,6893.074843,6883.199368
2020-04-21T19:00:00Z,6883.199368,6881.493082
2020-04-21T19:30:00Z,6881.493082,6880.476563
2020-04-21T20:00:00Z,6880.476563,6869.427654
2020-04-21T20:30:00Z,6869.427654,6877.667724
2020-04-21T21:00:00Z,6877.667724,6880.850615
2020-04-21T21:30:00Z,6880.850615,6889.114469
2020-04-21T22:00:00Z,6889.114469,6886.071627
2020-04-21T22:30:00Z,6886.071627,6889.654066
2020-04-21T23:00:00Z,6889.654066,6887.803529
2020-04-21T23:30:00Z,6887.803529,6861.881419
2020-04-22T00:00:00Z,6861.881419,6842.286065
2020-04-22T00:30:00Z,6842.286065,6832.641361
2020-04-22T01:00:00Z,6832.641361,6829.482687
2020-04-22T01:30:00Z,6829.482687,6840.724982
2020-04-22T02:00:00Z,6840.724982,6856.095057
2020-04-22T02:30:00Z,6856.095057,6871.22309
2020-04-22T03:00:00Z,6871.22309,6861.162569
2020-04-22T03:30:00Z,6861.162569,6859.88427
2020-04-22T04:00:00Z,6859.88427,6863.429515
2020-04-22T04:30:00Z,6863.429515,6864.212538
2020-04-22T05:00:00Z,6864.212538,6860.879329
2020-04-22T05:30:00Z,6860.879329,6881.729847
2020-04-22T06:00:00Z,6881.729847,6901.292499
2020-04-22T06:30:00Z,6901.292499,6916.529497
2020-04-22T07:00:00Z,6916.529497,6929.634754
2020-04-22T07:30:00Z,6929.634754,6943.926688
2020-04-22T08:00:00Z,6943.926688,6937.953647
2020-04-22T08:30:00Z,6937.953647,6938.772893
2020-04-22T09:00:00Z,6938.772893,6956.351045
2020-04-22T09:30:00Z,6956.351045,6951.165106
2020-04-22T10:00:00Z,6951.165106,6947.005626
2020-04-22T10:30:00Z,6947.005626,6941.093122
2020-04-22T11:00:00Z,6941.093122,6947.332418
2020-04-22T11:30:00Z,6947.332418,6950.339794
2020-04-22T12:00:00Z,6950.339794,6949.369305
2020-04-22T12:30:00Z,6949.369305,6944.912924
2020-04-22T13:00:00Z,6944.912924,7000.820082
2020-04-22T13:30:00Z,7000.820082,7060.045461
2020-04-22T14:00:00Z,7060.045461,7064.797721
2020-04-22T14:30:00Z,7064.797721,7093.707407
2020-04-22T15:00:00Z,7093.707407,7089.805809
2020-04-22T15:30:00Z,7089.805809,7099.410636
2020-04-22T16:00:00Z,7099.410636,7114.171793
2020-04-22T16:30:00Z,7114.171793,7124.716207
2020-04-22T17:00:00Z,7124.716207,7114.379366
2020-04-22T17:30:00Z,7114.379366,7094.867858
2020-04-22T18:00:00Z,7094.867858,7087.425719
2020-04-22T18:30:00Z,7087.425719,7097.20863
2020-04-22T19:00:00Z,7097.20863,7095.603524
2020-04-22T19:30:00Z,7095.603524,7097.216436
2020-04-22T20:00:00Z,7097.216436,7094.328013
2020-04-22T20:30:00Z,7094.328013,7101.734849
2020-04-22T21:00:00Z,7101.734849,7117.262501
2020-04-22T21:30:00Z,7117.262501,7105.578737
2020-04-22T22:00:00Z,7105.578737,7095.992613
2020-04-22T22:30:00Z,7095.992613,7106.577207
2020-04-22T23:00:00Z,7106.577207,7110.707129
2020-04-22T23:30:00Z,7110.707129,7115.051581
2020-04-23T00:00:00Z,7115.051581,7118.827902
2020-04-23T00:30:00Z,7118.827902,7113.212857
2020-04-23T01:00:00Z,7113.212857,7129.883627
2020-04-23T01:30:00Z,7129.883627,7154.103626
2020-04-23T02:00:00Z,7154.103626,7154.709759
2020-04-23T02:30:00Z,7154.709759,7132.686005
2020-04-23T03:00:00Z,7132.686005,7130.943197
2020-04-23T03:30:00Z,7130.943197,7124.806536
2020-04-23T04:00:00Z,7124.806536,7111.622375
2020-04-23T04:30:00Z,7111.622375,7120.111079
2020-04-23T05:00:00Z,7120.111079,7124.625402
2020-04-23T05:30:00Z,7124.625402,7115.505749
2020-04-23T06:00:00Z,7115.505749,7073.182224
2020-04-23T06:30:00Z,7073.182224,7046.804333
2020-04-23T07:00:00Z,7046.804333,7053.168308
2020-04-23T07:30:00Z,7053.168308,7065.250654
2020-04-23T08:00:00Z,7065.250654,7071.850327
2020-04-23T08:30:00Z,7071.850327,7084.82185
2020-04-23T09:00:00Z,7084.82185,7072.24543
2020-04-23T09:30:00Z,7072.24543,7086.32675
2020-04-23T10:00:00Z,7086.32675,7092.188946
2020-04-23T10:30:00Z,7092.188946,7079.794747
2020-04-23T11:00:00Z,7079.794747,7068.654324
2020-04-23T11:30:00Z,7068.654324,7107.628634
2020-04-23T12:00:00Z,7107.628634,7141.297801
2020-04-23T12:30:00Z,7141.297801,7162.325559
2020-04-23T13:00:00Z,7162.325559,7165.290547
2020-04-23T13:30:00Z,7165.290547,7203.002596
2020-04-23T14:00:00Z,7203.002596,7429.225329
2020-04-23T14:30:00Z,7429.225329,7536.276811
2020-04-23T15:00:00Z,7536.276811,7520.899592
2020-04-23T15:30:00Z,7520.899592,7528.914537
2020-04-23T16:00:00Z,7528.914537,7550.421624
2020-04-23T16:30:00Z,7550.421624,7519.580348
2020-04-23T17:00:00Z,7519.580348,7518.041305
2020-04-23T17:30:00Z,7518.041305,7534.492556
2020-04-23T18:00:00Z,7534.492556,7539.648641
2020-04-23T18:30:00Z,7539.648641,7530.660214
2020-04-23T19:00:00Z,7530.660214,7526.9634
2020-04-23T19:30:00Z,7526.9634,7525.614665
2020-04-23T20:00:00Z,7525.614665,7535.917855
2020-04-23T20:30:00Z,7535.917855,7544.479987
2020-04-23T21:00:00Z,7544.479987,7547.873637
2020-04-23T21:30:00Z,7547.873637,7577.080168
2020-04-23T22:00:00Z,7577.080168,7571.372155
2020-04-23T22:30:00Z,7571.372155,7560.285386
2020-04-23T23:00:00Z,7560.285386,7532.06964
2020-04-23T23:30:00Z,7532.06964,7489.312139
2020-04-24T00:00:00Z,7489.312139,7492.528135
2020-04-24T00:30:00Z,7492.528135,7490.57711
2020-04-24T01:00:00Z,7490.57711,7498.0795
2020-04-24T01:30:00Z,7498.0795,7486.880321
2020-04-24T02:00:00Z,7486.880321,7488.082127
2020-04-24T02:30:00Z,7488.082127,7505.915534
2020-04-24T03:00:00Z,7505.915534,7522.512681
2020-04-24T03:30:00Z,7522.512681,7530.883894
2020-04-24T04:00:00Z,7530.883894,7520.755419
2020-04-24T04:30:00Z,7520.755419,7523.813565
2020-04-24T05:00:00Z,7523.813565,7525.532236
2020-04-24T05:30:00Z,7525.532236,7509.358024
2020-04-24T06:00:00Z,7509.358024,7504.70832
2020-04-24T06:30:00Z,7504.70832,7521.651504
2020-04-24T07:00:00Z,7521.651504,7534.867345
2020-04-24T07:30:00Z,7534.867345,7556.429464
2020-04-24T08:00:00Z,7556.429464,7558.583315
2020-04-24T08:30:00Z,7558.583315,7553.287926
2020-04-24T09:00:00Z,7553.287926,7575.492172
2020-04-24T09:30:00Z,7575.492172,7589.25925
2020-04-24T10:00:00Z,7589.25925,7560.762016
2020-04-24T10:30:00Z,7560.762016,7528.782306
2020-04-24T11:00:00Z,7528.782306,7539.52369
2020-04-24T11:30:00Z,7539.52369,7505.211199
2020-04-24T12:00:00Z,7505.211199,7495.171808
2020-04-24T12:30:00Z,7495.171808,7504.897425
2020-04-24T13:00:00Z,7504.897425,7507.622987
2020-04-24T13:30:00Z,7507.622987,7498.923349
2020-04-24T14:00:00Z,7498.923349,7453.800707
2020-04-24T14:30:00Z,7453.800707,7466.302631
2020-04-24T15:00:00Z,7466.302631,7499.549376
2020-04-24T15:30:00Z,7499.549376,7503.973191
2020-04-24T16:00:00Z,7503.973191,7503.287425
2020-04-24T16:30:00Z,7503.287425,7509.950053
2020-04-24T17:00:00Z,7509.950053,7512.864806
2020-04-24T17:30:00Z,7512.864806,7505.274273
2020-04-24T18:00:00Z,7505.274273,7521.348016
2020-04-24T18:30:00Z,7521.348016,7519.782829
2020-04-24T19:00:00Z,7519.782829,7513.405807
2020-04-24T19:30:00Z,7513.405807,7512.15952
2020-04-24T20:00:00Z,7512.15952,7529.463771
2020-04-24T20:30:00Z,7529.463771,7532.429229
2020-04-24T21:00:00Z,7532.429229,7537.132589
2020-04-24T21:30:00Z,7537.132589,7524.565545
2020-04-24T22:00:00Z,7524.565545,7504.957925
2020-04-24T22:30:00Z,7504.957925,7497.929897
2020-04-24T23:00:00Z,7497.929897,7495.618446
2020-04-24T23:30:00Z,7495.618446,7499.128662
2020-04-25T00:00:00Z,7499.128662,7489.905158
2020-04-25T00:30:00Z,7489.905158,7469.814437
2020-04-25T01:00:00Z,7469.814437,7475.454776
2020-04-25T01:30:00Z,7475.454776,7487.999002
2020-04-25T02:00:00Z,7487.999002,7487.937097
2020-04-25T02:30:00Z,7487.937097,7495.177676
2020-04-25T03:00:00Z,7495.177676,7493.941524
2020-04-25T03:30:00Z,7493.941524,7508.638971
2020-04-25T04:00:00Z,7508.638971,7508.188971
2020-04-25T04:30:00Z,7508.188971,7512.837426
2020-04-25T05:00:00Z,7512.837426,7531.386529
2020-04-25T05:30:00Z,7531.386529,7545.23534
2020-04-25T06:00:00Z,7545.23534,7550.935575
2020-04-25T06:30:00Z,7550.935575,7560.583662
2020-04-25T07:00:00Z,7560.583662,7571.470345
2020-04-25T07:30:00Z,7571.470345,7556.525414
2020-04-25T08:00:00Z,7556.525414,7548.680812
2020-04-25T08:30:00Z,7548.680812,7535.626751
2020-04-25T09:00:00Z,7535.626751,7545.403582
2020-04-25T09:30:00Z,7545.403582,7551.900549
2020-04-25T10:00:00Z,7551.900549,7550.948583
2020-04-25T10:30:00Z,7550.948583,7552.073179
2020-04-25T11:00:00Z,7552.073179,7558.261109
2020-04-25T11:30:00Z,7558.261109,7537.794461
2020-04-25T12:00:00Z,7537.794461,7539.541746
2020-04-25T12:30:00Z,7539.541746,7545.718721
2020-04-25T13:00:00Z,7545.718721,7562.129544
2020-04-25T13:30:00Z,7562.129544,7574.824292
2020-04-25T14:00:00Z,7574.824292,7580.659589
2020-04-25T14:30:00Z,7580.659589,7569.47236
2020-04-25T15:00:00Z,7569.47236,7576.791811
2020-04-25T15:30:00Z,7576.791811,7580.967285
2020-04-25T16:00:00Z,7580.967285,7534.609128
2020-04-25T16:30:00Z,7534.609128,7549.87897
2020-04-25T17:00:00Z,7549.87897,7545.247586
2020-04-25T17:30:00Z,7545.247586,7538.472956
2020-04-25T18:00:00Z,7538.472956,7536.442012
2020-04-25T18:30:00Z,7536.442012,7534.365377
2020-04-25T19:00:00Z,7534.365377,7539.281415
2020-04-25T19:30:00Z,7539.281415,7545.915087
2020-04-25T20:00:00Z,7545.915087,7551.214237
2020-04-25T20:30:00Z,7551.214237,7551.438276
2020-04-25T21:00:00Z,7551.438276,7537.700915
2020-04-25T21:30:00Z,7537.700915,7524.196916
2020-04-25T22:00:00Z,7524.196916,7534.856844
2020-04-25T22:30:00Z,7534.856844,7539.682642
2020-04-25T23:00:00Z,7539.682642,7528.517142
2020-04-25T23:30:00Z,7528.517142,7532.7579
2020-04-26T00:00:00Z,7532.7579,7541.574138
2020-04-26T00:30:00Z,7541.574138,7557.1596
2020-04-26T01:00:00Z,7557.1596,7565.995844
2020-04-26T01:30:00Z,7565.995844,7566.690915
2020-04-26T02:00:00Z,7566.690915,7561.856097
2020-04-26T02:30:00Z,7561.856097,7571.837677
2020-04-26T03:00:00Z,7571.837677,7565.881216
2020-04-26T03:30:00Z,7565.881216,7562.677388
2020-04-26T04:00:00Z,7562.677388,7555.894234
2020-04-26T04:30:00Z,7555.894234,7554.406626
2020-04-26T05:00:00Z,7554.406626,7548.373264
2020-04-26T05:30:00Z,7548.373264,7535.265807
2020-04-26T06:00:00Z,7535.265807,7538.132469
2020-04-26T06:30:00Z,7538.132469,7548.104208
2020-04-26T07:00:00Z,7548.104208,7551.543771
2020-04-26T07:30:00Z,7551.543771,7549.125816
2020-04-26T08:00:00Z,7549.125816,7544.247992
2020-04-26T08:30:00Z,7544.247992,7545.872603
2020-04-26T09:00:00Z,7545.872603,7557.891294
2020-04-26T09:30:00Z,7557.891294,7571.088296
2020-04-26T10:00:00Z,7571.088296,7580.192099
2020-04-26T10:30:00Z,7580.192099,7613.180484
2020-04-26T11:00:00Z,7613.180484,7646.637668
2020-04-26T11:30:00Z,7646.637668,7653.454185
2020-04-26T12:00:00Z,7653.454185,7648.095879
2020-04-26T12:30:00Z,7648.095879,7646.152
2020-04-26T13:00:00Z,7646.152,7658.727277
2020-04-26T13:30:00Z,7658.727277,7671.688112
2020-04-26T14:00:00Z,7671.688112,7675.146162
2020-04-26T14:30:00Z,7675.146162,7652.77144
2020-04-26T15:00:00Z,7652.77144,7577.986408
2020-04-26T15:30:00Z,7577.986408,7553.935883
2020-04-26T16:00:00Z,7553.935883,7560.464142
2020-04-26T16:30:00Z,7560.464142,7572.881707
2020-04-26T17:00:00Z,7572.881707,7571.606192
2020-04-26T17:30:00Z,7571.606192,7579.847627
2020-04-26T18:00:00Z,7579.847627,7596.563134
2020-04-26T18:30:00Z,7596.563134,7621.532249
2020-04-26T19:00:00Z,7621.532249,7620.171036
2020-04-26T19:30:00Z,7620.171036,7635.360873
2020-04-26T20:00:00Z,7635.360873,7643.769004
2020-04-26T20:30:00Z,7643.769004,7640.077491
2020-04-26T21:00:00Z,7640.077491,7643.846247
2020-04-26T21:30:00Z,7643.846247,7631.75632
2020-04-26T22:00:00Z,7631.75632,7616.957181
2020-04-26T22:30:00Z,7616.957181,7606.970574
2020-04-26T23:00:00Z,7606.970574,7634.90274
2020-04-26T23:30:00Z,7634.90274,7677.031321
2020-04-27T00:00:00Z,7677.031321,7727.532805
2020-04-27T00:30:00Z,7727.532805,7741.688086
2020-04-27T01:00:00Z,7741.688086,7730.318364
2020-04-27T01:30:00Z,7730.318364,7715.299749
2020-04-27T02:00:00Z,7715.299749,7702.123097
2020-04-27T02:30:00Z,7702.123097,7719.560255
2020-04-27T03:00:00Z,7719.560255,7736.91661
2020-04-27T03:30:00Z,7736.91661,7736.122634
2020-04-27T04:00:00Z,7736.122634,7716.908072
2020-04-27T04:30:00Z,7716.908072,7719.645112
2020-04-27T05:00:00Z,7719.645112,7729.569486
2020-04-27T05:30:00Z,7729.569486,7711.329439
2020-04-27T06:00:00Z,7711.329439,7692.152604
2020-04-27T06:30:00Z,7692.152604,7666.731442
2020-04-27T07:00:00Z,7666.731442,7664.163709
2020-04-27T07:30:00Z,7664.163709,7684.477071
2020-04-27T08:00:00Z,7684.477071,7709.111339
2020-04-27T08:30:00Z,7709.111339,7706.479787
2020-04-27T09:00:00Z,7706.479787,7697.061456
2020-04-27T09:30:00Z,7697.061456,7708.154879
2020-04-27T10:00:00Z,7708.154879,7698.775712
2020-04-27T10:30:00Z,7698.775712,7687.635654
2020-04-27T11:00:00Z,7687.635654,7691.593758
2020-04-27T11:30:00Z,7691.593758,7706.162657
2020-04-27T12:00:00Z,7706.162657,7705.621659
2020-04-27T12:30:00Z,7705.621659,7695.592998
2020-04-27T13:00:00Z,7695.592998,7678.353358
2020-04-27T13:30:00Z,7678.353358,7668.439911
2020-04-27T14:00:00Z,7668.439911,7679.226557
2020-04-27T14:30:00Z,7679.226557,7656.978744
2020-04-27T15:00:00Z,7656.978744,7666.59194
2020-04-27T15:30:00Z,7666.59194,7678.928293
2020-04-27T16:00:00Z,7678.928293,7674.331696
2020-04-27T16:30:00Z,7674.331696,7672.580988
2020-04-27T17:00:00Z,7672.580988,7662.95807
2020-04-27T17:30:00Z,7662.95807,7658.476181
2020-04-27T18:00:00Z,7658.476181,7671.541747
2020-04-27T18:30:00Z,7671.541747,7695.143287
2020-04-27T19:00:00Z,7695.143287,7707.14777
2020-04-27T19:30:00Z,7707.14777,7700.434353
2020-04-27T20:00:00Z,7700.434353,7696.643101
2020-04-27T20:30:00Z,7696.643101,7694.268062
2020-04-27T21:00:00Z,7694.268062,7712.882178
2020-04-27T21:30:00Z,7712.882178,7736.226896
2020-04-27T22:00:00Z,7736.226896,7729.913902
2020-04-27T22:30:00Z,7729.913902,7745.459845
2020-04-27T23:00:00Z,7745.459845,7752.805289
2020-04-27T23:30:00Z,7752.805289,7765.21021
2020-04-28T00:00:00Z,7765.21021,7753.365752
2020-04-28T00:30:00Z,7753.365752,7730.078918
2020-04-28T01:00:00Z,7730.078918,7719.101485
2020-04-28T01:30:00Z,7719.101485,7701.109311
2020-04-28T02:00:00Z,7701.109311,7685.35835
2020-04-28T02:30:00Z,7685.35835,7688.569446
2020-04-28T03:00:00Z,7688.569446,7694.941523
2020-04-28T03:30:00Z,7694.941523,7700.740181
2020-04-28T04:00:00Z,7700.740181,7684.74163
2020-04-28T04:30:00Z,7684.74163,7679.128323
2020-04-28T05:00:00Z,7679.128323,7684.745806
2020-04-28T05:30:00Z,7684.745806,7691.552086
2020-04-28T06:00:00Z,7691.552086,7700.345297
2020-04-28T06:30:00Z,7700.345297,7714.081867
2020-04-28T07:00:00Z,7714.081867,7703.459282
2020-04-28T07:30:00Z,7703.459282,7698.202034
2020-04-28T08:00:00Z,7698.202034,7692.456279
2020-04-28T08:30:00Z,7692.456279,7689.716021
2020-04-28T09:00:00Z,7689.716021,7702.920895
2020-04-28T09:30:00Z,7702.920895,7729.061668
2020-04-28T10:00:00Z,7729.061668,7734.791678
2020-04-28T10:30:00Z,7734.791678,7733.755766
2020-04-28T11:00:00Z,7733.755766,7738.387324
2020-04-28T11:30:00Z,7738.387324,7735.798004
2020-04-28T12:00:00Z,7735.798004,7732.486414
2020-04-28T12:30:00Z,7732.486414,7749.466856
2020-04-28T13:00:00Z,7749.466856,7748.291143
2020-04-28T13:30:00Z,7748.291143,7738.213539
2020-04-28T14:00:00Z,7738.213539,7725.664315
2020-04-28T14:30:00Z,7725.664315,7709.205461
2020-04-28T15:00:00Z,7709.205461,7696.580692
2020-04-28T15:30:00Z,7696.580692,7716.455503
2020-04-28T16:00:00Z,7716.455503,7724.015647
2020-04-28T16:30:00Z,7724.015647,7728.836753
2020-04-28T17:00:00Z,7728.836753,7719.325042
2020-04-28T17:30:00Z,7719.325042,7727.452125
2020-04-28T18:00:00Z,7727.452125,7729.150749
2020-04-28T18:30:00Z,7729.150749,7735.039738
2020-04-28T19:00:00Z,7735.039738,7730.308368
2020-04-28T19:30:00Z,7730.308368,7717.078714
2020-04-28T20:00:00Z,7717.078714,7719.704426
2020-04-28T20:30:00Z,7719.704426,7728.672729
2020-04-28T21:00:00Z,7728.672729,7714.899557
2020-04-28T21:30:00Z,7714.899557,7719.457352
2020-04-28T22:00:00Z,7719.457352,7728.562347
2020-04-28T22:30:00Z,7728.562347,7742.907477
2020-04-28T23:00:00Z,7742.907477,7755.190935
2020-04-28T23:30:00Z,7755.190935,7757.643357
2020-04-29T00:00:00Z,7757.643357,7756.240659
2020-04-29T00:30:00Z,7756.240659,7746.287257
2020-04-29T01:00:00Z,7746.287257,7742.903945
2020-04-29T01:30:00Z,7742.903945,7751.799351
2020-04-29T02:00:00Z,7751.799351,7774.949279
2020-04-29T02:30:00Z,7774.949279,7782.279118
2020-04-29T03:00:00Z,7782.279118,7806.247561
2020-04-29T03:30:00Z,7806.247561,7813.842689
2020-04-29T04:00:00Z,7813.842689,7815.173828
2020-04-29T04:30:00Z,7815.173828,7825.786909
2020-04-29T05:00:00Z,7825.786909,7851.016847
2020-04-29T05:30:00Z,7851.016847,7858.860838
2020-04-29T06:00:00Z,7858.860838,7892.214873
2020-04-29T06:30:00Z,7892.214873,7934.843068
2020-04-29T07:00:00Z,7934.843068,7944.961084
2020-04-29T07:30:00Z,7944.961084,7936.884354
2020-04-29T08:00:00Z,7936.884354,7949.55923
2020-04-29T08:30:00Z,7949.55923,7942.699506
2020-04-29T09:00:00Z,7942.699506,7951.733116
2020-04-29T09:30:00Z,7951.733116,7967.985822
2020-04-29T10:00:00Z,7967.985822,8052.66542
2020-04-29T10:30:00Z,8052.66542,8102.089859
2020-04-29T11:00:00Z,8102.089859,8136.813518
2020-04-29T11:30:00Z,8136.813518,8129.448641
2020-04-29T12:00:00Z,8129.448641,8134.625417
2020-04-29T12:30:00Z,8134.625417,8195.660292
2020-04-29T13:00:00Z,8195.660292,8305.293669
2020-04-29T13:30:00Z,8305.293669,8323.509585
2020-04-29T14:00:00Z,8323.509585,8288.381224
2020-04-29T14:30:00Z,8288.381224,8325.374828
2020-04-29T15:00:00Z,8325.374828,8325.216161
2020-04-29T15:30:00Z,8325.216161,8335.312986
2020-04-29T16:00:00Z,8335.312986,8404.027749
2020-04-29T16:30:00Z,8404.027749,8552.931431
2020-04-29T17:00:00Z,8552.931431,8664.226888
2020-04-29T17:30:00Z,8664.226888,8751.429317
2020-04-29T18:00:00Z,8751.429317,8671.978782
2020-04-29T18:30:00Z,8671.978782,8626.612375
2020-04-29T19:00:00Z,8626.612375,8657.646151
2020-04-29T19:30:00Z,8657.646151,8712.547373
2020-04-29T20:00:00Z,8712.547373,8738.173972
2020-04-29T20:30:00Z,8738.173972,8840.059049
2020-04-29T21:00:00Z,8840.059049,8856.89472
2020-04-29T21:30:00Z,8856.89472,8838.190986
2020-04-29T22:00:00Z,8838.190986,8757.119977
2020-04-29T22:30:00Z,8757.119977,8743.064768
2020-04-29T23:00:00Z,8743.064768,8752.01943
2020-04-29T23:30:00Z,8752.01943,8752.7447
2020-04-30T00:00:00Z,8752.7447,8755.468018
2020-04-30T00:30:00Z,8755.468018,8776.430832
2020-04-30T01:00:00Z,8776.430832,8831.609272
2020-04-30T01:30:00Z,8831.609272,8844.36865
2020-04-30T02:00:00Z,8844.36865,8837.180412
2020-04-30T02:30:00Z,8837.180412,8894.03691
2020-04-30T03:00:00Z,8894.03691,8994.167951
2020-04-30T03:30:00Z,8994.167951,9159.477583
2020-04-30T04:00:00Z,9159.477583,9180.93491
2020-04-30T04:30:00Z,9180.93491,9165.051423
2020-04-30T05:00:00Z,9165.051423,9211.385686
2020-04-30T05:30:00Z,9211.385686,9308.806785
2020-04-30T06:00:00Z,9308.806785,9369.676907
2020-04-30T06:30:00Z,9369.676907,9318.129044
2020-04-30T07:00:00Z,9318.129044,9184.828515
2020-04-30T07:30:00Z,9184.828515,9133.391645
2020-04-30T08:00:00Z,9133.391645,9174.895229
2020-04-30T08:30:00Z,9174.895229,9141.360235
2020-04-30T09:00:00Z,9141.360235,8984.856449
2020-04-30T09:30:00Z,8984.856449,8792.943621
2020-04-30T10:00:00Z,8792.943621,8726.624318
2020-04-30T10:30:00Z,8726.624318,8850.910931
2020-04-30T11:00:00Z,8850.910931,8894.458428
2020-04-30T11:30:00Z,8894.458428,8884.198097
2020-04-30T12:00:00Z,8884.198097,8858.42112
2020-04-30T12:30:00Z,8858.42112,8795.477511
2020-04-30T13:00:00Z,8795.477511,8777.588908
2020-04-30T13:30:00Z,8777.588908,8814.472294
2020-04-30T14:00:00Z,8814.472294,8848.105382
2020-04-30T14:30:00Z,8848.105382,8828.320173
2020-04-30T15:00:00Z,8828.320173,8831.739814
2020-04-30T15:30:00Z,8831.739814,8797.215165
2020-04-30T16:00:00Z,8797.215165,8740.140459
2020-04-30T16:30:00Z,8740.140459,8689.152432
2020-04-30T17:00:00Z,8689.152432,8648.146928
2020-04-30T17:30:00Z,8648.146928,8540.979826
2020-04-30T18:00:00Z,8540.979826,8616.649519
2020-04-30T18:30:00Z,8616.649519,8674.023303
2020-04-30T19:00:00Z,8674.023303,8756.877188
2020-04-30T19:30:00Z,8756.877188,8833.576073
2020-04-30T20:00:00Z,8833.576073,8800.285723
2020-04-30T20:30:00Z,8800.285723,8769.431531
2020-04-30T21:00:00Z,8769.431531,8818.444929
2020-04-30T21:30:00Z,8818.444929,8792.6002
2020-04-30T22:00:00Z,8792.6002,8717.477367
2020-04-30T22:30:00Z,8717.477367,8728.515447
2020-04-30T23:00:00Z,8728.515447,8698.434473
2020-04-30T23:30:00Z,8698.434473,8641.726962
2020-05-01T00:00:00Z,8641.726962,8669.534855
2020-05-01T00:30:00Z,8669.534855,8707.995439
2020-05-01T01:00:00Z,8707.995439,8723.428152
2020-05-01T01:30:00Z,8723.428152,8692.306035
2020-05-01T02:00:00Z,8692.306035,8686.469658
2020-05-01T02:30:00Z,8686.469658,8717.917712
2020-05-01T03:00:00Z,8717.917712,8705.019364
2020-05-01T03:30:00Z,8705.019364,8679.99085
2020-05-01T04:00:00Z,8679.99085,8700.987042
2020-05-01T04:30:00Z,8700.987042,8756.503723
2020-05-01T05:00:00Z,8756.503723,8794.816469
2020-05-01T05:30:00Z,8794.816469,8809.964231
2020-05-01T06:00:00Z,8809.964231,8784.656757
2020-05-01T06:30:00Z,8784.656757,8768.696729
2020-05-01T07:00:00Z,8768.696729,8746.436719
2020-05-01T07:30:00Z,8746.436719,8745.70901
2020-05-01T08:00:00Z,8745.70901,8767.706806
2020-05-01T08:30:00Z,8767.706806,8768.700017
2020-05-01T09:00:00Z,8768.700017,8792.94302
2020-05-01T09:30:00Z,8792.94302,8812.855758
2020-05-01T10:00:00Z,8812.855758,8847.816832
2020-05-01T10:30:00Z,8847.816832,8865.978338
2020-05-01T11:00:00Z,8865.978338,8915.523556
2020-05-01T11:30:00Z,8915.523556,8976.112951
2020-05-01T12:00:00Z,8976.112951,8957.059983
2020-05-01T12:30:00Z,8957.059983,8875.98478
2020-05-01T13:00:00Z,8875.98478,8862.113396
2020-05-01T13:30:00Z,8862.113396,8808.59337
2020-05-01T14:00:00Z,8808.59337,8776.063777
2020-05-01T14:30:00Z,8776.063777,8795.423978
2020-05-01T15:00:00Z,8795.423978,8819.164325
2020-05-01T15:30:00Z,8819.164325,8769.043202
2020-05-01T16:00:00Z,8769.043202,8711.57805
2020-05-01T16:30:00Z,8711.57805,8721.473415
2020-05-01T17:00:00Z,8721.473415,8729.475764
2020-05-01T17:30:00Z,8729.475764,8728.622124
2020-05-01T18:00:00Z,8728.622124,8765.265983
2020-05-01T18:30:00Z,8765.265983,8752.66756
2020-05-01T19:00:00Z,8752.66756,8738.604308
2020-05-01T19:30:00Z,8738.604308,8739.613387
2020-05-01T20:00:00Z,8739.613387,8732.569616
2020-05-01T20:30:00Z,8732.569616,8732.59
2020-05-01T21:00:00Z,8732.59,8758.31
2020-05-01T21:30:00Z,8758.31,8853.58
2020-05-01T22:00:00Z,8853.58,8845.01
2020-05-01T22:30:00Z,8845.01,8848.85
2020-05-01T23:00:00Z,8848.85,8894.53
2020-05-01T23:30:00Z,8894.53,8829.42
2020-05-02T00:00:00Z,8829.42,8803.47
2020-05-02T00:30:00Z,8803.47,8839.39
2020-05-02T01:00:00Z,8839.39,8797.36
2020-05-02T01:30:00Z,8797.36,8803.25
2020-05-02T02:00:00Z,8803.25,8817
2020-05-02T02:30:00Z,8817,8820.03
2020-05-02T03:00:00Z,8820.03,8846.44
2020-05-02T03:30:00Z,8846.44,8845
2020-05-02T04:00:00Z,8845,8822.86
2020-05-02T04:30:00Z,8822.86,8829.82
2020-05-02T05:00:00Z,8829.82,8808.45
2020-05-02T05:30:00Z,8808.45,8825.74
2020-05-02T06:00:00Z,8825.74,8841.37
2020-05-02T06:30:00Z,8841.37,8829.87
2020-05-02T07:00:00Z,8829.87,8828.91
